feature,importance
equipment,18.05000444876699
weight_per_mile,13.93843524334807
inverse_distance,11.925084074881307
log_distance,9.018089700742483
market_index,8.32188104907154
distance,7.024242311998224
lane,6.291088162910167
pickup,4.561690624307852
year_cos,4.099634733228162
delivery,2.973012427848906
weight,2.9128194709481527
pickup_lat,2.3393881716214353
pickup_lon,1.959953279257714
delivery_lon,1.6882146399488343
delivery_lat,1.5633177845065154
year_sin,1.479765458454103
longitude_change,0.512709315364848
latitude_change,0.4980169869157295
weekday,0.47748113974358875
weekend,0.22920438206355573
weight_missing,0.09760647790191466
market_index_missing,0.03836011616978755
