month,rows,median_rate,median_rate_per_mile,quote_rpm_correlation,quote_total_mae
2025-01,4918,1915.2,2.0291576557165607,0.44670295035758156,75.34788977612851
2025-02,4337,1994.25,2.061142796226214,0.4790422823156839,55.242640580355086
2025-03,5036,2022.92,2.1392786400606116,0.4858422022906781,63.85647916898331
2025-04,4819,2044.24,2.1466988540515386,-0.47174215596030367,403.31303918323306
2025-05,4913,2065.51,2.1901941557168074,-0.4592295037448686,403.3985801180541
2025-06,4783,2120.22,2.2478847651180898,0.4766317214139115,82.84538374848422
2025-07,4912,2059.145,2.1874218297132746,-0.4683451936162611,415.7702532677117
2025-08,4759,2015.73,2.120525234741784,-0.013595218943453589,317.2564475858374
2025-09,4670,2057.13,2.1596216424733026,0.48143724741052424,71.74932671841542
2025-10,4853,2035.9,2.1638275204665245,-0.43397322357729556,413.72240696950337
